Date,Price,Open,High,Low,Vol.,Change %
12/2/19,959.31,971.42,972.91,958.3,211.00K,-1.18%
12/3/19,953.43,957.4,960.82,950.96,264.94K,-0.61%
12/4/19,965.9,952.51,965.9,950.13,210.10K,1.31%
12/5/19,963.27,969,969.53,962.16,194.54K,-0.27%
12/6/19,963.56,962.38,965.41,960.99,171.82K,0.03%
12/9/19,966.06,963.91,967.57,962.59,273.26K,0.26%
12/10/19,960.3,965.92,966.58,955.14,242.73K,-0.60%
12/11/19,961.78,960.59,961.78,954.56,216.48K,0.15%
12/12/19,968.17,963.39,968.39,962.72,218.75K,0.66%
12/13/19,966.18,969.43,971.84,965.93,219.16K,-0.21%
12/16/19,961.47,966,966,960.39,278.44K,-0.49%
12/17/19,954.03,962.49,962.79,954.03,280.85K,-0.77%
12/18/19,951.13,951.52,954.18,949.86,323.41K,-0.30%
12/19/19,952.26,950.61,955.85,946.74,222.47K,0.12%
12/20/19,956.41,953.55,957.52,952.71,243.33K,0.44%
12/23/19,959.43,959.55,960.71,958.07,241.52K,0.32%
12/24/19,958.88,959.43,959.43,953.29,229.67K,-0.06%
12/25/19,960.92,958.18,962.83,957.5,238.32K,0.21%
12/26/19,958.59,960.67,962.11,957.43,265.94K,-0.24%
12/27/19,963.51,957.7,963.51,954.19,180.52K,0.51%
12/30/19,965.03,962.89,967.52,962.47,177.74K,0.16%
12/31/19,960.99,965.71,965.71,958.22,185.24K,-0.42%
1/2/20,966.67,960.26,966.67,959.67,200.60K,0.59%
1/3/20,965.14,968.72,970.88,965.14,174.13K,-0.16%
1/6/20,955.79,962.79,963.2,955.59,187.20K,-0.97%
1/7/20,958.88,955.79,959.46,953.19,181.63K,0.32%
1/8/20,948.98,954.13,955.84,945.28,319.17K,-1.03%
1/9/20,960.15,953.86,960.73,952.16,166.15K,1.18%
1/10/20,968.54,961.17,969.71,961.17,222.16K,0.87%
1/13/20,965.84,966.89,968.63,964.79,147.15K,-0.28%
1/14/20,967,966.26,968.85,965.76,190.35K,0.12%
1/15/20,967.56,967.69,967.69,964.84,150.04K,0.06%
1/16/20,974.31,967.2,974.7,967.17,201.25K,0.70%
1/17/20,978.96,976.28,980.02,973.79,164.14K,0.48%
1/20/20,978.63,978.23,979.85,975.93,148.80K,-0.03%
1/21/20,986.37,978.82,986.37,978.82,157.67K,0.79%
1/22/20,991.46,986.52,991.46,983.92,152.35K,0.52%
1/30/20,959.58,975.15,977.72,954,198.51K,-3.22%
1/31/20,936.62,959.58,960.96,936.62,253.95K,-2.39%
2/3/20,928.14,916.6,930.37,891.85,275.52K,-0.91%
2/4/20,929.09,929.42,934.91,919.33,197.69K,0.10%
2/5/20,925.91,934.75,936.33,921.89,197.38K,-0.34%
2/6/20,938.54,926.66,938.54,925.21,223.67K,1.36%
2/7/20,940.75,938.61,943.48,935.94,194.17K,0.24%
2/10/20,930.73,934.38,935.87,926.61,153.97K,-1.07%
2/11/20,934.67,930.73,936.04,930.73,179.35K,0.42%
2/12/20,937.68,940.72,943.11,937.34,228.04K,0.32%
2/13/20,938.24,937.19,939.1,934.47,177.73K,0.06%
2/14/20,937.45,939.28,940.65,936.47,204.35K,-0.08%
2/17/20,934.77,938.52,938.52,931.66,183.25K,-0.29%
2/18/20,927.93,934.47,934.98,926.01,187.76K,-0.73%
2/19/20,928.76,926.41,931.66,925.86,192.17K,0.09%
2/20/20,938.13,933.69,938.13,930.41,198.34K,1.01%
2/21/20,933.09,938.13,940.53,932.32,206.75K,-0.54%
2/24/20,903.34,917.49,917.49,903.34,291.88K,-3.19%
2/25/20,909.67,893.95,909.67,893.95,221.12K,0.70%
2/26/20,895.97,901.51,903.27,894.25,142.58K,-1.51%
2/27/20,898.44,892.15,899.34,889.14,163.29K,0.28%
2/28/20,882.19,885.47,887.07,872.46,241.89K,-1.81%
3/2/20,884.43,878.43,886.45,877.31,206.64K,0.25%
3/3/20,890.61,895.39,896.39,890.06,212.74K,0.70%
3/4/20,889.37,887.85,889.85,882.83,238.45K,-0.14%
3/5/20,893.31,892.71,898.43,891.2,231.34K,0.44%
3/6/20,891.44,888.96,891.44,882.71,214.34K,-0.21%
3/9/20,835.49,875.8,875.8,834.67,309.10K,-6.28%
3/10/20,837.5,813.83,843.28,806.63,298.02K,0.24%
3/11/20,811.35,843.52,844.94,794.54,318.57K,-3.12%
3/12/20,769.25,778.06,778.06,762.12,339.23K,-5.19%
3/13/20,761.78,750.56,764.69,723.42,354.71K,-0.97%
3/16/20,747.86,758.28,758.59,737.58,292.25K,-1.83%
3/17/20,745.78,724.07,750.03,721.84,287.28K,-0.28%
3/18/20,747.66,747.4,752.65,742.12,259.02K,0.25%
3/19/20,725.94,732.35,733.43,714.02,353.39K,-2.91%
3/20/20,709.73,728.55,729.35,709.73,230.59K,-2.23%
3/23/20,666.59,694.77,694.77,664.23,280.25K,-6.08%
3/24/20,659.21,666.59,666.59,652.27,245.15K,-1.11%
3/25/20,690.25,669.76,690.25,667.58,270.18K,4.71%
3/26/20,694.21,689,700.76,680.1,221.85K,0.57%
3/27/20,696.06,692.54,703.22,682.52,327.99K,0.27%
3/30/20,662.26,663.91,665.56,657.36,233.10K,-4.86%
3/31/20,662.53,669.74,678.64,649.1,262.79K,0.04%
4/1/20,680.23,658.8,684.96,657.41,267.02K,2.67%
4/3/20,701.8,687.92,701.8,687.92,233.09K,3.17%
4/6/20,736.75,716.22,736.75,715.39,334.90K,4.98%
4/7/20,746.69,744.97,749.13,730.28,292.97K,1.35%
4/8/20,748.02,740.03,748.36,730.12,252.29K,0.18%
4/9/20,760.33,751.08,765.87,751.08,298.47K,1.65%
4/10/20,757.94,759.08,764.36,751.59,338.40K,-0.31%
4/13/20,765.79,762.99,774.62,762.53,235.28K,1.04%
4/14/20,767.41,769.01,769.53,753.85,266.78K,0.21%
4/15/20,777.22,768.05,779.52,768.01,302.62K,1.28%
4/16/20,780.7,773.11,781.06,770.91,250.94K,0.45%
4/17/20,789.6,786.96,790.95,783.74,309.86K,1.14%
4/20/20,794.97,796.17,797.49,786.73,336.05K,0.68%
4/21/20,766.84,794.97,794.97,761.96,397.40K,-3.54%
4/22/20,768.92,752.8,774.94,749.97,253.44K,0.27%
4/23/20,773.91,768.92,785.6,768.92,205.80K,0.65%
4/24/20,776.66,777.28,778.3,767.31,262.27K,0.36%
4/27/20,770.77,780.65,785.74,770.77,307.36K,-0.76%
4/28/20,767.21,773.31,776.13,763.66,219.40K,-0.46%
4/29/20,769.11,768.59,772.62,768.19,250.08K,0.25%
5/4/20,762.47,766.14,769.73,761.64,285.57K,-0.86%
5/5/20,764.16,763.22,767.03,760.04,212.38K,0.22%
5/6/20,782.59,767.3,782.59,765.37,272.45K,2.41%
5/7/20,796.54,785.08,796.54,785.08,240.80K,1.78%
5/8/20,813.73,800.32,825.72,800.2,371.34K,2.16%
5/11/20,828.33,818.26,828.33,812.48,353.42K,1.79%
5/12/20,835.32,827.29,835.95,819.66,322.21K,0.84%
5/13/20,834.21,835.32,839.59,815.13,374.60K,-0.13%
5/14/20,832.4,830.97,836.19,826.17,341.12K,-0.22%
5/15/20,827.03,835.42,838.47,824.59,301.89K,-0.65%
5/18/20,837.01,827.49,837.61,823.08,254.05K,1.21%
5/19/20,845.92,852.14,854.25,844.15,385.27K,1.06%
5/20/20,852.91,843.26,852.91,842.21,265.77K,0.83%
5/21/20,862.73,854.93,862.73,854.04,331.91K,1.15%
5/22/20,852.74,859.29,860.65,852.08,303.98K,-1.16%
5/25/20,859.04,852.9,860.45,849.12,307.23K,0.74%
5/26/20,869.13,861.47,869.65,860.22,328.35K,1.17%
5/27/20,857.48,869.13,875.35,857.48,388.90K,-1.34%
5/28/20,861.39,858.97,866.17,856.48,322.22K,0.46%
5/29/20,864.47,861.59,866.95,859.26,318.19K,0.36%
6/1/20,878.67,868.97,878.67,868.97,476.52K,1.64%
6/2/20,874.8,879.23,882.73,874.53,484.71K,-0.44%
6/3/20,881.17,876.73,881.17,874.01,351.96K,0.73%
6/4/20,883.9,883.22,888.32,883.22,431.12K,0.31%
6/5/20,886.22,883.4,886.59,878.5,499.61K,0.26%
6/8/20,899.92,888.7,905.65,888.7,572.02K,1.55%
6/9/20,899.43,902.26,904.89,898.87,501.73K,-0.05%
6/10/20,900,898.78,902.69,890.3,542.87K,0.06%
6/11/20,867.37,900.48,903.7,867.37,707.46K,-3.63%
6/12/20,863.52,841.85,863.52,841.44,620.77K,-0.44%
6/15/20,832.47,867.52,868.16,832.47,708.24K,-3.60%
6/16/20,856.13,848.86,858.7,844.67,412.45K,2.84%
6/17/20,854.44,861.05,861.05,852.27,354.84K,-0.20%
6/18/20,855.27,850.92,858.03,847.49,280.31K,0.10%
6/19/20,868.56,857.77,868.56,857.77,440.09K,1.55%
6/22/20,871.28,871.56,872.94,867.37,350.37K,0.31%
6/23/20,868.2,871.12,873.2,864.02,455.36K,-0.35%
6/24/20,859.71,868.2,873.13,857.58,370.92K,-0.98%
6/25/20,854.59,851.09,856.23,849.65,312.30K,-0.60%
6/26/20,851.98,859.07,862.59,850.66,300.39K,-0.31%
6/29/20,829.36,846.26,846.53,826,389.64K,-2.65%
6/30/20,825.11,836.72,840.31,821.92,358.39K,-0.51%
7/1/20,843.49,827.67,844.26,826.38,303.55K,2.23%
7/2/20,842.38,845.66,845.66,838.48,223.80K,-0.13%
7/3/20,847.61,845.26,848.16,843.25,203.00K,0.62%
7/6/20,861.16,851.47,861.85,850.04,215.09K,1.60%
7/7/20,863.42,865.46,870.63,863.42,330.90K,0.26%
7/8/20,864.5,861.75,865.58,859.98,237.54K,0.13%
7/9/20,876.46,867.66,878.36,867.45,306.08K,1.38%
7/10/20,871.21,873.7,878.53,867.59,291.11K,-0.60%
7/13/20,868.72,874.85,876.83,866.99,246.07K,-0.29%
7/14/20,868.11,865.01,868.11,860.28,239.14K,-0.07%
7/15/20,869.91,872.8,876.69,869.91,258.29K,0.21%
7/16/20,876.83,871.81,876.83,869.25,243.47K,0.80%
7/17/20,872.02,873.48,875.07,871.89,270.68K,-0.55%
7/20/20,861.4,870.66,871.64,861.4,285.08K,-1.22%
7/21/20,861.69,863.94,864.7,856.94,245.41K,0.03%
7/22/20,855.08,862.8,864,854.97,278.60K,-0.77%
7/23/20,856.75,854.92,857.22,851.97,240.50K,0.20%
7/24/20,829.16,854.23,854.57,816.65,505.10K,-3.22%
7/27/20,785.17,794.14,808.74,780.64,422.71K,-5.31%
7/28/20,813.36,786.72,814.4,786.67,328.49K,3.59%
7/29/20,790.84,800.39,800.39,779.82,362.09K,-2.77%
7/30/20,801.13,796.22,802.97,794.88,188.95K,1.30%
7/31/20,798.39,787.78,803.55,786.98,249.63K,-0.34%
8/3/20,814.65,796.86,814.84,796.47,298.14K,2.04%
8/4/20,827.57,822.86,827.57,820.2,277.45K,1.59%
8/5/20,837.8,827.54,839.52,820.74,306.64K,1.24%
8/6/20,840.04,838.01,844.16,833.56,257.02K,0.27%
8/7/20,841.46,840.65,844.33,836.84,259.89K,0.17%
8/10/20,843.2,845.11,849.52,843.2,309.30K,0.21%
8/11/20,843.08,847.61,847.61,840.35,249.00K,-0.01%
8/12/20,846.92,844.19,848.54,842.88,272.49K,0.46%
8/13/20,855.05,849.96,855.19,849.86,256.25K,0.96%
8/14/20,850.74,854.29,860.32,848.38,304.71K,-0.50%
8/17/20,850.15,848.08,852.05,841.62,237.51K,-0.07%
8/18/20,846.43,850.15,851.06,845,227.51K,-0.44%
8/19/20,851.21,847.19,853.15,846.22,240.15K,0.56%
8/20/20,848.21,851.21,856.99,847.44,285.69K,-0.35%
8/21/20,854.78,849.99,856.45,849.69,286.82K,0.77%
8/24/20,868.68,860.35,868.68,860.35,381.52K,1.63%
8/25/20,874.12,870.92,877.57,870.92,399.07K,0.63%
8/26/20,873.47,873.62,876.97,871.78,352.38K,-0.07%
8/27/20,874.71,872.38,875.71,871.93,325.72K,0.14%
8/28/20,878.98,878.79,885.86,877.7,398.32K,0.49%
8/31/20,881.65,882.13,888.44,879.26,352.65K,0.30%
9/1/20,891.73,882.4,892.51,880.79,317.00K,1.14%
9/3/20,903.97,898.25,904.32,896.26,370.49K,1.37%
9/4/20,901.54,896.02,903.11,893.86,346.44K,-0.27%
9/7/20,888.25,903.85,905.8,888.25,434.06K,-1.47%
9/8/20,890.14,891.61,894.58,884.88,294.02K,0.21%
9/9/20,889.32,883.68,892.4,881.57,318.44K,-0.09%
9/10/20,888.82,895.29,896.78,888.82,387.24K,-0.06%
9/11/20,888.97,888.82,890.98,884.67,309.91K,0.02%
9/14/20,894.57,891.89,895.31,891.89,364.43K,0.63%
9/15/20,896.26,896.61,898.74,894.66,381.80K,0.19%
9/16/20,897.47,897.43,897.58,894.63,290.43K,0.14%
9/17/20,894.04,897.47,899.41,890.93,395.46K,-0.38%
9/18/20,900.95,896.08,902.11,895.82,361.84K,0.77%
9/21/20,907.94,904.5,909.78,904.5,403.44K,0.78%
9/22/20,906.19,905.9,909.69,902.47,401.41K,-0.19%
9/23/20,912.5,908.97,913.52,908.97,392.51K,0.70%
9/24/20,908.58,910.53,914.51,907.32,398.46K,-0.43%
9/25/20,908.27,910.78,911.3,905.56,361.23K,-0.03%
9/28/20,912.5,911.2,913.6,910.04,420.24K,0.47%
9/29/20,903.98,916.63,917.49,903.98,465.36K,-0.93%
9/30/20,905.21,904.34,907,900.44,340.69K,0.14%
10/1/20,914.09,910.13,914.09,909.13,352.45K,0.98%
10/2/20,909.91,914.09,916.67,897.72,527.16K,-0.46%
10/5/20,914.68,913.77,915.55,910.96,456.10K,0.52%
10/6/20,915.67,918.11,918.93,912.77,496.13K,0.11%
10/7/20,919.72,913.62,923.57,912.69,523.96K,0.44%
10/8/20,918.84,922.08,922.08,913.89,470.30K,-0.10%
10/9/20,924,919.48,924,917.7,388.13K,0.56%
10/12/20,925.83,930.78,933.13,923.28,457.23K,0.20%
10/13/20,929.86,926.76,930.96,923.78,359.02K,0.44%
10/14/20,940.18,931.89,940.18,931.89,474.92K,1.11%
10/15/20,942.76,945.28,945.93,938.7,470.51K,0.27%
10/16/20,943.3,944.03,946.23,935.98,443.33K,0.06%
10/19/20,943.69,945.01,946.29,941.92,389.47K,0.04%
10/20/20,944.42,941,944.54,937.32,444.33K,0.08%
10/21/20,939.03,947.16,948.2,939,412.65K,-0.57%
10/22/20,949.9,938.06,949.9,933.78,365.12K,1.16%
10/23/20,961.26,953.45,961.26,953.14,452.49K,1.20%
10/26/20,950.8,967.52,970.15,950.8,428.25K,-1.09%
10/27/20,946.47,950.8,954.72,946.28,455.85K,-0.46%
10/28/20,921.05,942.82,946.91,921.05,456.06K,-2.69%
10/29/20,919.08,916.49,925.84,914.33,436.13K,-0.21%
10/30/20,925.47,925.41,926.32,911.2,312.75K,0.70%
11/2/20,933.68,926.09,933.68,924.14,297.60K,0.89%
11/3/20,935.41,936.73,937.57,932.18,318.70K,0.19%
11/4/20,939.76,935.41,943.56,933.86,350.87K,0.47%
11/5/20,937.75,940.32,945.51,937.75,304.33K,-0.21%
11/6/20,938.29,939.73,941.2,934.63,268.23K,0.06%
11/9/20,951.99,942.15,951.99,942.15,393.20K,1.46%
11/10/20,951.9,962.68,963.47,951.9,456.75K,-0.01%
11/11/20,952.22,954.46,956.65,947.61,376.51K,0.03%
11/12/20,959.28,953.97,959.28,953.62,343.91K,0.74%
11/13/20,966.29,959.56,966.29,959.13,457.83K,0.73%
11/16/20,950.79,970.11,972.98,950.5,518.93K,-1.60%
11/17/20,968.9,955.52,968.9,953.22,400.96K,1.90%
11/18/20,973.53,969.48,974.3,966.32,478.68K,0.48%
11/19/20,983.26,975.32,983.26,974.33,500.12K,1.00%
11/20/20,990,984.71,990,980.72,501.05K,0.69%
11/23/20,994.19,991.87,995.9,985.38,489.69K,0.42%
11/24/20,995.76,996.55,997.99,984.92,550.07K,0.16%
11/25/20,999.94,"1,000.39","1,002.31",996.8,475.74K,0.42%
11/26/20,"1,005.97",999.24,"1,005.97",994.91,493.56K,0.60%
11/27/20,"1,010.22","1,006.68","1,010.22","1,004.00",446.44K,0.42%
11/30/20,"1,003.08","1,011.82","1,012.50","1,002.61",532.93K,-0.71%
12/1/20,"1,008.87",988.71,"1,008.87",988.71,583.31K,0.58%
12/2/20,"1,014.32","1,008.77","1,015.86","1,007.91",684.53K,0.54%
12/3/20,"1,019.80","1,016.73","1,020.35","1,014.06",518.91K,0.54%
12/4/20,"1,021.49","1,019.80","1,025.17","1,018.67",553.59K,0.17%
12/7/20,"1,029.98","1,024.34","1,030.41","1,022.14",520.34K,0.83%
12/8/20,"1,029.26","1,029.98","1,032.58","1,025.63",527.67K,-0.07%
12/9/20,"1,039.13","1,029.26","1,039.55","1,029.26",586.05K,0.96%
12/10/20,"1,030.91","1,041.65","1,044.10","1,030.91",626.45K,-0.79%
12/11/20,"1,045.96","1,033.19","1,045.96","1,030.06",463.77K,1.46%
12/14/20,"1,064.09","1,048.97","1,064.09","1,048.97",583.59K,1.73%
12/15/20,"1,055.27","1,062.02","1,067.45","1,052.01",675.18K,-0.83%
12/16/20,"1,066.99","1,058.34","1,066.99","1,057.21",591.57K,1.11%
12/17/20,"1,051.77","1,065.85","1,065.85","1,051.42",667.89K,-1.43%
12/18/20,"1,067.46","1,055.75","1,068.56","1,055.75",623.64K,1.49%
12/21/20,"1,081.08","1,071.62","1,081.60","1,070.86",713.66K,1.28%
12/22/20,"1,083.45","1,081.85","1,084.23","1,077.06",756.11K,0.22%
12/23/20,"1,078.90","1,087.89","1,094.09","1,077.92",813.17K,-0.42%
12/24/20,"1,067.52","1,083.83","1,084.76","1,046.89",757.32K,-1.05%
12/25/20,"1,084.42","1,068.83","1,084.42","1,061.83",652.81K,1.58%
12/28/20,"1,091.33","1,094.37","1,096.11","1,083.90",723.88K,0.64%
12/29/20,"1,099.49","1,090.49","1,102.79","1,087.93",678.82K,0.75%
12/30/20,"1,097.54","1,099.78","1,108.83","1,094.91",676.98K,-0.18%
12/31/20,"1,103.87","1,098.25","1,105.33","1,096.27",527.82K,0.58%
1/4/21,"1,120.47","1,113.77","1,126.43","1,113.59",764.04K,1.50%
1/5/21,"1,132.55","1,116.96","1,134.45","1,116.49",763.43K,1.08%
1/6/21,"1,143.21","1,139.12","1,152.85","1,133.70",790.45K,0.94%
1/7/21,"1,156.49","1,147.26","1,156.49","1,143.44",763.74K,1.16%
1/8/21,"1,167.69","1,164.10","1,176.33","1,160.48",808.31K,0.97%
1/11/21,"1,184.89","1,176.47","1,186.45","1,175.00",845.85K,1.47%
1/12/21,"1,192.28","1,190.38","1,192.28","1,179.24",719.94K,0.62%
1/13/21,"1,186.05","1,197.32","1,200.82","1,183.18",819.29K,-0.52%
1/14/21,"1,187.40","1,189.48","1,190.50","1,178.84",779.34K,0.11%
1/15/21,"1,194.20","1,188.84","1,197.74","1,188.84",783.11K,0.57%
1/18/21,"1,191.94","1,198.79","1,200.85","1,190.33",747.42K,-0.19%
1/19/21,"1,131.00","1,189.91","1,189.91","1,117.17",986.19K,-5.11%
1/20/21,"1,134.68","1,136.50","1,142.48","1,098.05",839.30K,0.33%
1/21/21,"1,164.21","1,146.86","1,164.21","1,132.66",721.92K,2.60%
1/22/21,"1,166.78","1,166.77","1,175.72","1,161.43",758.32K,0.22%
1/25/21,"1,166.05","1,164.20","1,172.18","1,162.80",707.24K,-0.06%
1/26/21,"1,136.12","1,164.97","1,164.97","1,121.03",782.27K,-2.57%
1/27/21,"1,097.17","1,122.41","1,132.99","1,088.86",785.70K,-3.43%
1/28/21,"1,023.94","1,041.71","1,052.16","1,022.77",767.87K,-6.67%
1/29/21,"1,056.61",998.33,"1,076.11",998.33,797.39K,3.19%
2/1/21,"1,035.51","1,056.61","1,074.52","1,035.51",634.33K,-2.00%
2/2/21,"1,075.53","1,036.95","1,075.53","1,029.36",602.62K,3.86%
2/3/21,"1,111.29","1,084.87","1,113.24","1,082.95",703.18K,3.32%
2/4/21,"1,112.19","1,112.97","1,117.88","1,098.85",523.41K,0.08%
2/5/21,"1,126.91","1,114.79","1,126.91","1,112.19",529.87K,1.32%
2/8/21,"1,083.18","1,127.06","1,127.06","1,075.10",696.60K,-3.88%
2/9/21,"1,114.93","1,090.88","1,114.93","1,078.98",519.81K,2.93%
2/17/21,"1,155.78","1,127.46","1,155.78","1,127.46",568.03K,3.66%
2/18/21,"1,174.38","1,157.10","1,174.38","1,148.66",614.82K,1.61%
2/19/21,"1,173.50","1,160.65","1,178.18","1,157.60",578.28K,-0.07%
2/22/21,"1,175.04","1,173.57","1,182.67","1,169.12",630.04K,0.13%
2/23/21,"1,177.64","1,174.57","1,184.32","1,168.32",598.27K,0.22%
2/24/21,"1,162.01","1,184.32","1,185.58","1,154.36",603.00K,-1.33%
2/25/21,"1,165.43","1,169.97","1,169.97","1,155.74",510.43K,0.29%
2/26/21,"1,168.47","1,148.88","1,169.28","1,148.88",554.46K,0.26%
3/1/21,"1,186.17","1,176.93","1,186.82","1,174.45",643.38K,1.51%
3/2/21,"1,186.61","1,196.16","1,196.16","1,181.99",577.01K,0.04%
3/3/21,"1,186.95","1,184.73","1,189.18","1,180.25",631.67K,0.03%
3/4/21,"1,168.52","1,191.78","1,191.90","1,159.48",673.45K,-1.55%
3/5/21,"1,168.69","1,164.19","1,169.56","1,155.60",594.84K,0.01%
3/8/21,"1,168.27","1,180.33","1,181.25","1,164.02",652.70K,-0.04%
3/9/21,"1,161.97","1,160.96","1,166.42","1,150.94",641.43K,-0.54%
3/10/21,"1,170.08","1,163.86","1,170.59","1,154.89",723.92K,0.70%
3/11/21,"1,181.73","1,170.08","1,183.73","1,170.08",629.10K,1.00%
3/12/21,"1,181.56","1,185.21","1,186.52","1,178.14",624.71K,-0.01%
3/15/21,"1,184.56","1,183.89","1,186.06","1,178.80",676.96K,0.25%
3/16/21,"1,179.90","1,184.91","1,184.91","1,171.76",683.85K,-0.39%
3/17/21,"1,186.09","1,178.64","1,186.09","1,176.26",701.09K,0.52%
3/18/21,"1,200.94","1,196.60","1,200.94","1,191.94",628.64K,1.25%
3/19/21,"1,194.05","1,195.47","1,199.67","1,191.96",680.90K,-0.57%
3/22/21,"1,194.43","1,200.05","1,200.21","1,189.31",700.87K,0.03%
3/23/21,"1,183.45","1,190.28","1,191.47","1,177.10",683.72K,-0.92%
3/24/21,"1,161.81","1,169.42","1,174.20","1,154.22",750.48K,-1.83%
3/25/21,"1,163.10","1,164.41","1,170.76","1,154.44",690.73K,0.11%
3/26/21,"1,162.21","1,162.71","1,165.76","1,137.90",670.46K,-0.08%
3/29/21,"1,175.68","1,169.65","1,175.77","1,165.78",660.95K,1.16%
3/30/21,"1,186.36","1,179.64","1,187.29","1,172.85",780.73K,0.91%
3/31/21,"1,191.44","1,186.36","1,196.45","1,186.36",703.08K,0.43%
4/1/21,"1,216.10","1,194.59","1,217.26","1,192.83",672.84K,2.07%
4/2/21,"1,224.45","1,225.76","1,228.29","1,221.07",661.89K,0.69%
4/5/21,"1,236.05","1,245.28","1,245.28","1,228.18",693.04K,0.95%
4/6/21,"1,239.96","1,233.37","1,244.63","1,231.14",694.06K,0.32%
4/7/21,"1,242.38","1,237.39","1,242.38","1,232.52",727.82K,0.20%
4/8/21,"1,234.89","1,242.38","1,246.40","1,232.26",664.51K,-0.60%
4/9/21,"1,231.66","1,231.51","1,234.98","1,227.60",732.82K,-0.26%
4/12/21,"1,252.45","1,236.79","1,252.45","1,232.35",890.31K,1.69%
4/13/21,"1,248.33","1,262.44","1,268.02","1,247.66",1.03M,-0.33%
4/14/21,"1,255.87","1,240.90","1,255.87","1,233.01",861.96K,0.60%
4/15/21,"1,247.25","1,262.25","1,265.87","1,247.25",806.49K,-0.69%
4/16/21,"1,238.71","1,245.06","1,254.61","1,227.14",986.88K,-0.68%
4/19/21,"1,260.58","1,243.58","1,260.58","1,233.77",817.13K,1.77%
4/20/21,"1,268.28","1,267.74","1,286.32","1,261.28",843.60K,0.61%
4/22/21,"1,227.82","1,264.31","1,271.98","1,227.82",770.37K,-3.19%
4/23/21,"1,248.53","1,227.18","1,248.53","1,216.15",716.52K,1.69%
4/26/21,"1,215.77","1,251.25","1,251.25","1,214.14",744.95K,-2.62%
4/27/21,"1,219.75","1,213.84","1,220.96","1,204.14",618.17K,0.33%
4/28/21,"1,229.55","1,220.26","1,230.91","1,217.49",612.70K,0.80%
4/29/21,"1,239.39","1,234.91","1,239.39","1,231.25",647.16K,0.80%
5/4/21,"1,242.20","1,222.08","1,242.80","1,212.56",798.49K,0.23%
5/5/21,"1,256.43","1,244.69","1,265.93","1,244.69",744.43K,1.15%
5/6/21,"1,250.57","1,255.42","1,261.49","1,246.64",730.50K,-0.47%
5/7/21,"1,241.81","1,245.48","1,250.50","1,231.92",783.04K,-0.70%
5/10/21,"1,259.58","1,239.96","1,259.58","1,236.85",773.06K,1.43%
5/11/21,"1,256.04","1,265.11","1,272.55","1,256.04",770.09K,-0.28%
5/12/21,"1,269.09","1,251.97","1,269.09","1,249.18",700.67K,1.04%
5/13/21,"1,261.99","1,262.98","1,273.49","1,261.99",711.52K,-0.56%
5/14/21,"1,266.36","1,266.43","1,271.45","1,259.97",730.99K,0.35%
5/17/21,"1,258.70","1,272.55","1,277.83","1,258.50",758.29K,-0.60%
5/18/21,"1,252.68","1,259.57","1,262.22","1,249.02",692.48K,-0.48%
5/19/21,"1,262.49","1,254.78","1,262.71","1,250.58",694.35K,0.78%
5/20/21,"1,278.22","1,264.62","1,278.22","1,255.78",745.21K,1.25%
5/21/21,"1,283.93","1,272.84","1,289.03","1,268.46",698.93K,0.45%
5/24/21,"1,297.98","1,287.50","1,299.83","1,287.36",715.51K,1.09%
5/25/21,"1,308.58","1,299.19","1,308.58","1,297.23",679.06K,0.82%
5/26/21,"1,316.70","1,308.04","1,317.30","1,304.68",713.07K,0.62%
5/27/21,"1,303.57","1,318.42","1,319.67","1,299.99",733.00K,-1.00%
5/28/21,"1,320.46","1,307.79","1,323.09","1,300.06",768.85K,1.30%
5/31/21,"1,328.05","1,326.65","1,328.05","1,307.56",737.18K,0.57%
6/1/21,"1,337.78","1,329.47","1,346.34","1,328.84",629.42K,0.73%
6/2/21,"1,340.78","1,337.78","1,344.98","1,330.82",805.24K,0.22%
6/3/21,"1,364.28","1,345.21","1,366.00","1,345.21",898.88K,1.75%
6/4/21,"1,374.05","1,367.06","1,374.05","1,360.42",943.33K,0.72%
6/7/21,"1,358.78","1,374.59","1,375.74","1,347.21",876.69K,-1.11%
6/8/21,"1,319.88","1,355.36","1,364.48","1,318.11",924.51K,-2.86%
6/9/21,"1,332.90","1,323.52","1,339.14","1,312.08",822.29K,0.99%
6/10/21,"1,323.58","1,332.90","1,336.71","1,317.49",723.49K,-0.70%
6/11/21,"1,351.74","1,326.79","1,352.47","1,322.08",731.26K,2.13%
6/14/21,"1,361.72","1,352.73","1,368.53","1,352.73",775.73K,0.74%
6/15/21,"1,367.36","1,361.58","1,372.72","1,356.59",730.94K,0.41%
6/16/21,"1,356.52","1,363.85","1,370.14","1,350.73",769.63K,-0.79%
6/17/21,"1,359.92","1,341.06","1,364.55","1,337.49",768.73K,0.25%
6/18/21,"1,377.77","1,366.19","1,377.77","1,363.52",809.47K,1.31%
6/21/21,"1,372.63","1,373.59","1,381.74","1,367.85",768.18K,-0.37%
6/22/21,"1,379.97","1,380.84","1,385.98","1,375.00",746.95K,0.53%
6/23/21,"1,376.87","1,383.15","1,388.33","1,372.06",710.77K,-0.22%
6/24/21,"1,379.72","1,376.87","1,384.71","1,372.99",591.75K,0.21%
6/25/21,"1,390.12","1,382.11","1,390.12","1,372.80",598.11K,0.75%
6/28/21,"1,405.81","1,397.96","1,406.02","1,390.56",699.51K,1.13%
6/29/21,"1,410.04","1,408.34","1,416.34","1,406.87",647.39K,0.30%
6/30/21,"1,408.55","1,410.83","1,419.61","1,408.18",595.29K,-0.11%
7/1/21,"1,417.08","1,412.15","1,417.27","1,402.18",753.56K,0.61%
7/2/21,"1,420.27","1,422.89","1,424.28","1,415.82",706.83K,0.23%
7/5/21,"1,411.13","1,420.27","1,421.52","1,394.12",774.45K,-0.64%
7/6/21,"1,354.79","1,411.13","1,418.99","1,354.79",773.51K,-3.99%
7/7/21,"1,388.55","1,354.79","1,388.55","1,334.58",733.80K,2.49%
7/8/21,"1,374.68","1,388.55","1,388.55","1,363.92",528.83K,-1.00%
7/9/21,"1,347.14","1,374.68","1,374.68","1,335.90",713.99K,-2.00%
7/12/21,"1,296.30","1,347.14","1,347.14","1,270.06",912.74K,-3.77%
7/13/21,"1,297.54","1,296.30","1,307.73","1,278.30",500.18K,0.10%
7/14/21,"1,279.91","1,297.54","1,305.37","1,264.68",547.97K,-1.36%
7/15/21,"1,293.92","1,279.91","1,299.18","1,270.77",419.14K,1.09%
7/16/21,"1,299.31","1,293.92","1,304.37","1,293.92",415.12K,0.42%
7/19/21,"1,243.51","1,299.31","1,299.31","1,237.79",731.02K,-4.29%
7/20/21,"1,273.29","1,243.51","1,273.29","1,225.52",568.60K,2.39%
7/21/21,"1,270.79","1,273.29","1,284.33","1,266.71",451.95K,-0.20%
7/22/21,"1,293.67","1,270.79","1,294.16","1,266.54",536.41K,1.80%
7/23/21,"1,268.83","1,293.67","1,295.63","1,268.83",582.25K,-1.92%
7/26/21,"1,272.71","1,268.83","1,277.33","1,254.57",508.55K,0.31%
7/27/21,"1,276.93","1,272.71","1,288.35","1,272.71",566.75K,0.33%
7/28/21,"1,277.07","1,276.93","1,281.17","1,271.78",406.89K,0.01%
7/29/21,"1,293.60","1,277.07","1,293.60","1,277.07",491.06K,1.29%
7/30/21,"1,310.05","1,293.60","1,311.97","1,293.60",644.44K,1.27%
8/2/21,"1,314.22","1,310.05","1,322.35","1,304.49",614.53K,0.32%
8/3/21,"1,332.44","1,314.22","1,332.44","1,314.22",647.01K,1.39%
8/4/21,"1,334.74","1,332.44","1,340.76","1,328.40",661.80K,0.17%
8/5/21,"1,345.55","1,334.74","1,346.62","1,326.80",635.47K,0.81%
8/6/21,"1,341.45","1,345.55","1,351.85","1,341.45",736.16K,-0.30%
8/9/21,"1,359.86","1,341.45","1,361.12","1,334.69",688.43K,1.37%
8/10/21,"1,362.43","1,359.86","1,370.35","1,358.12",716.54K,0.19%
8/11/21,"1,357.79","1,362.43","1,374.03","1,357.79",806.77K,-0.34%
8/12/21,"1,353.05","1,357.79","1,365.01","1,353.05",741.56K,-0.35%
8/13/21,"1,357.05","1,353.05","1,357.41","1,336.74",744.15K,0.30%
8/16/21,"1,370.96","1,357.05","1,372.33","1,357.05",827.71K,1.03%
8/17/21,"1,363.09","1,370.96","1,379.70","1,359.11",768.61K,-0.57%
8/18/21,"1,360.94","1,363.09","1,370.50","1,355.83",689.78K,-0.16%
8/19/21,"1,374.85","1,360.94","1,374.85","1,352.94",728.17K,1.02%
8/20/21,"1,329.43","1,374.85","1,374.85","1,317.52",1.21M,-3.30%
8/23/21,"1,298.86","1,329.43","1,329.43","1,298.86",795.07K,-2.30%
8/24/21,"1,298.74","1,298.86","1,307.56","1,289.16",714.27K,-0.01%
8/25/21,"1,309.55","1,298.74","1,310.16","1,291.70",522.87K,0.83%
8/26/21,"1,301.12","1,309.55","1,316.26","1,295.77",524.29K,-0.64%
8/27/21,"1,313.20","1,301.12","1,313.20","1,285.16",685.06K,0.93%
8/30/21,"1,328.14","1,313.20","1,329.62","1,313.20",676.54K,1.14%
8/31/21,"1,331.47","1,328.14","1,336.14","1,325.69",733.83K,0.25%
9/1/21,"1,334.65","1,331.47","1,338.02","1,328.13",719.96K,0.24%
9/6/21,"1,346.39","1,334.65","1,348.36","1,334.65",944.41K,0.88%
9/7/21,"1,341.90","1,346.39","1,353.66","1,340.32",869.38K,-0.33%
9/8/21,"1,333.61","1,341.90","1,344.49","1,328.35",626.08K,-0.62%
9/9/21,"1,343.98","1,333.61","1,345.59","1,332.67",642.57K,0.78%
9/10/21,"1,345.31","1,343.98","1,350.43","1,343.98",598.73K,0.10%
9/13/21,"1,341.43","1,345.31","1,350.69","1,340.50",775.47K,-0.29%
9/14/21,"1,339.70","1,341.43","1,349.13","1,336.84",730.45K,-0.13%
9/15/21,"1,345.83","1,339.70","1,347.70","1,334.97",692.09K,0.46%
9/16/21,"1,345.87","1,345.83","1,353.12","1,341.23",599.77K,0.00%
9/17/21,"1,352.64","1,345.87","1,356.45","1,345.87",852.78K,0.50%
9/20/21,"1,350.48","1,352.64","1,365.92","1,349.18",895.46K,-0.16%
9/21/21,"1,339.84","1,350.48","1,350.48","1,324.82",859.68K,-0.79%
9/22/21,"1,350.68","1,339.84","1,350.71","1,336.63",779.65K,0.81%
9/23/21,"1,352.76","1,350.68","1,361.09","1,350.43",997.61K,0.15%
9/24/21,"1,351.17","1,352.76","1,356.97","1,348.07",673.10K,-0.12%
9/27/21,"1,324.99","1,351.17","1,354.38","1,324.99",778.44K,-1.94%
9/28/21,"1,339.31","1,324.99","1,341.81","1,316.41",623.51K,1.08%
9/29/21,"1,339.21","1,339.31","1,340.90","1,328.17",598.50K,-0.01%
9/30/21,"1,342.06","1,339.21","1,348.89","1,339.21",438.29K,0.21%
10/1/21,"1,334.89","1,342.06","1,344.06","1,332.97",738.17K,-0.53%
10/4/21,"1,339.54","1,334.89","1,347.49","1,333.53",736.08K,0.35%
10/5/21,"1,354.63","1,339.54","1,354.63","1,339.54",636.27K,1.13%
10/6/21,"1,362.82","1,354.63","1,362.82","1,354.63",637.00K,0.60%
10/7/21,"1,365.99","1,362.82","1,367.64","1,360.57",693.03K,0.23%
10/8/21,"1,372.73","1,365.99","1,373.18","1,365.93",632.86K,0.49%
10/11/21,"1,394.09","1,372.73","1,394.64","1,372.73",764.35K,1.56%
10/12/21,"1,394.80","1,394.09","1,400.78","1,389.43",742.81K,0.05%
10/13/21,"1,391.91","1,394.80","1,400.67","1,389.61",645.35K,-0.21%
10/14/21,"1,391.85","1,391.91","1,398.67","1,388.89",725.51K,0.00%
10/15/21,"1,392.70","1,391.85","1,399.03","1,388.00",784.56K,0.06%
10/18/21,"1,395.53","1,392.70","1,402.63","1,390.88",795.92K,0.20%
10/19/21,"1,395.33","1,395.53","1,399.66","1,388.95",639.44K,-0.01%
10/20/21,"1,393.80","1,395.33","1,401.76","1,376.15",845.89K,-0.11%
10/21/21,"1,384.77","1,393.80","1,398.45","1,384.77",709.07K,-0.65%
10/22/21,"1,389.24","1,384.77","1,393.70","1,384.77",798.13K,0.32%
10/25/21,"1,385.40","1,389.24","1,395.72","1,385.40",899.26K,-0.28%
10/26/21,"1,391.63","1,385.40","1,393.03","1,377.56",747.95K,0.45%
10/27/21,"1,423.02","1,391.63","1,423.02","1,391.63",936.22K,2.26%
10/28/21,"1,438.01","1,423.02","1,440.64","1,420.42",865.43K,1.05%
10/29/21,"1,444.27","1,438.01","1,447.62","1,432.19",982.01K,0.44%
11/1/21,"1,438.97","1,444.27","1,451.81","1,435.57",1.13M,-0.37%
11/2/21,"1,452.46","1,438.97","1,452.46","1,438.83",1.01M,0.94%
11/3/21,"1,444.30","1,452.46","1,463.63","1,440.67",1.51M,-0.56%
11/4/21,"1,448.34","1,444.30","1,451.98","1,435.84",929.53K,0.28%
11/5/21,"1,456.51","1,448.34","1,459.93","1,444.51",874.07K,0.56%
11/8/21,"1,467.57","1,456.51","1,470.49","1,456.51",1.08M,0.76%
11/9/21,"1,461.50","1,467.57","1,474.20","1,457.57",1.03M,-0.41%
11/10/21,"1,465.02","1,461.50","1,470.19","1,457.98",985.54K,0.24%
11/11/21,"1,462.35","1,465.02","1,472.89","1,449.18",1.27M,-0.18%
11/12/21,"1,473.37","1,462.35","1,474.98","1,453.22",955.63K,0.75%
11/15/21,"1,476.57","1,473.37","1,481.96","1,466.01",1.17M,0.22%
11/16/21,"1,466.45","1,476.57","1,476.97","1,459.08",1.22M,-0.69%
11/17/21,"1,475.85","1,466.45","1,477.04","1,464.78",860.80K,0.64%
11/18/21,"1,469.83","1,475.85","1,482.87","1,469.83",1.09M,-0.41%
11/19/21,"1,452.35","1,469.83","1,481.53","1,434.69",1.52M,-1.19%
11/22/21,"1,447.25","1,452.35","1,466.46","1,442.85",1.27M,-0.35%
11/23/21,"1,463.63","1,447.25","1,463.63","1,438.41",880.07K,1.13%
11/24/21,"1,488.87","1,463.63","1,491.05","1,463.63",1.12M,1.72%
11/25/21,"1,500.81","1,488.87","1,505.36","1,488.87",1.01M,0.80%
11/26/21,"1,493.03","1,500.81","1,511.68","1,488.83",1.06M,-0.52%
11/29/21,"1,484.84","1,493.03","1,493.03","1,464.83",1.01M,-0.55%
11/30/21,"1,478.44","1,484.84","1,503.09","1,471.57",1.08M,-0.43%
12/1/21,"1,485.19","1,478.44","1,487.68","1,471.30",876.73K,0.46%
12/2/21,"1,482.05","1,485.19","1,493.84","1,482.05",763.96K,-0.21%
12/3/21,"1,443.32","1,482.05","1,491.20","1,443.32",1.10M,-2.61%
12/6/21,"1,413.58","1,443.32","1,452.55","1,400.87",1.04M,-2.06%
12/7/21,"1,446.77","1,413.58","1,446.77","1,413.58",755.91K,2.35%
12/8/21,"1,452.87","1,446.77","1,460.28","1,446.77",771.03K,0.42%
12/9/21,"1,467.98","1,452.87","1,467.98","1,446.88",665.46K,1.04%
12/10/21,"1,463.54","1,467.98","1,475.85","1,461.78",798.29K,-0.30%
12/13/21,"1,476.21","1,463.54","1,481.70","1,463.54",865.58K,0.87%
12/14/21,"1,476.02","1,476.21","1,485.14","1,469.21",964.11K,-0.01%
12/15/21,"1,475.50","1,476.02","1,481.67","1,468.21",906.08K,-0.04%
12/16/21,"1,476.61","1,475.50","1,482.32","1,468.95",927.54K,0.08%
12/17/21,"1,479.79","1,476.61","1,487.73","1,476.61",1.11M,0.22%
12/20/21,"1,477.33","1,479.79","1,483.85","1,468.88",963.35K,-0.17%
12/21/21,"1,478.74","1,477.33","1,486.09","1,472.43",902.84K,0.10%
12/22/21,"1,477.67","1,478.74","1,489.24","1,471.84",1.07M,-0.07%
12/23/21,"1,456.96","1,477.67","1,481.21","1,447.14",1.36M,-1.40%
12/24/21,"1,477.03","1,456.96","1,478.80","1,456.32",889.48K,1.38%
12/27/21,"1,488.88","1,477.03","1,490.12","1,469.91",752.11K,0.80%
12/28/21,"1,494.39","1,488.88","1,499.77","1,483.97",1.00M,0.37%
12/29/21,"1,485.82","1,494.39","1,498.91","1,485.82",843.88K,-0.57%
12/30/21,"1,485.97","1,490.96","1,493.38","1,484.82",747.86K,0.01%
12/31/21,"1,498.28","1,485.97","1,499.07","1,485.97",875.73K,0.83%
1/4/22,"1,525.58","1,508.55","1,526.69","1,507.19",891.30K,1.82%
1/5/22,"1,522.50","1,525.58","1,535.82","1,522.50",1.06M,-0.20%
1/6/22,"1,528.57","1,522.50","1,536.24","1,518.18",1.13M,0.40%
1/7/22,"1,528.48","1,534.10","1,534.52","1,524.96",1.03M,-0.01%
1/10/22,"1,503.71","1,528.48","1,536.45","1,503.71",1.38M,-1.62%
1/11/22,"1,492.31","1,503.71","1,512.05","1,488.40",1.25M,-0.76%
1/12/22,"1,510.51","1,489.11","1,510.51","1,464.49",1.13M,1.22%
1/13/22,"1,496.05","1,510.51","1,522.60","1,495.13",995.82K,-0.96%
1/14/22,"1,496.02","1,496.05","1,503.25","1,476.68",785.61K,0.00%
1/17/22,"1,452.84","1,496.02","1,503.86","1,452.84",987.10K,-2.89%
1/18/22,"1,438.94","1,452.84","1,452.84","1,424.65",739.29K,-0.96%
1/19/22,"1,442.79","1,438.94","1,449.11","1,434.46",637.63K,0.27%
1/20/22,"1,465.30","1,442.79","1,469.08","1,432.58",785.76K,1.56%
1/21/22,"1,472.89","1,465.30","1,477.23","1,463.06",811.35K,0.52%
1/24/22,"1,439.71","1,472.89","1,472.89","1,432.18",828.13K,-2.25%
1/25/22,"1,479.58","1,439.71","1,479.58","1,424.36",751.39K,2.77%
1/26/22,"1,481.58","1,479.58","1,490.45","1,478.41",813.18K,0.14%
1/27/22,"1,470.76","1,481.58","1,486.39","1,464.06",564.60K,-0.73%
1/28/22,"1,478.96","1,470.76","1,484.48","1,465.22",702.68K,0.56%
2/7/22,"1,497.66","1,478.96","1,505.69","1,478.96",578.17K,1.26%
2/8/22,"1,500.99","1,497.66","1,503.33","1,491.78",734.76K,0.22%
2/9/22,"1,505.38","1,500.99","1,511.72","1,499.53",794.74K,0.29%
2/10/22,"1,506.79","1,510.66","1,512.88","1,495.70",680.25K,0.09%
2/11/22,"1,501.71","1,506.79","1,508.54","1,499.06",636.28K,-0.34%
2/14/22,"1,471.96","1,501.71","1,501.71","1,471.96",810.72K,-1.98%
2/15/22,"1,492.75","1,471.96","1,495.56","1,470.06",606.42K,1.41%
2/16/22,"1,492.10","1,492.75","1,499.50","1,486.68",702.52K,-0.04%
2/17/22,"1,507.99","1,492.10","1,507.99","1,492.10",615.79K,1.06%
2/18/22,"1,504.84","1,507.99","1,507.99","1,492.38",697.55K,-0.21%
2/21/22,"1,510.84","1,504.84","1,516.63","1,500.97",791.92K,0.40%
2/22/22,"1,503.47","1,510.84","1,510.84","1,484.81",908.05K,-0.49%
2/23/22,"1,512.30","1,503.47","1,520.78","1,503.47",694.65K,0.59%
2/24/22,"1,494.85","1,512.30","1,513.25","1,473.76",1.16M,-1.15%
2/25/22,"1,498.89","1,494.85","1,512.05","1,494.85",768.01K,0.27%
2/28/22,"1,490.13","1,498.89","1,502.36","1,487.57",729.79K,-0.58%
3/1/22,"1,498.78","1,490.13","1,501.73","1,490.13",842.43K,0.58%
3/2/22,"1,485.52","1,499.37","1,500.41","1,479.55",941.55K,-0.88%
3/3/22,"1,505.00","1,485.52","1,505.00","1,485.52",929.21K,1.31%
3/4/22,"1,505.33","1,505.00","1,509.19","1,501.39",928.92K,0.02%
3/7/22,"1,499.05","1,505.33","1,505.33","1,493.87",981.72K,-0.42%
3/8/22,"1,473.71","1,499.05","1,499.05","1,473.71",1.04M,-1.69%
3/9/22,"1,473.74","1,473.71","1,482.86","1,462.80",930.30K,0.00%
3/10/22,"1,479.08","1,473.74","1,488.59","1,473.74",649.94K,0.36%
3/11/22,"1,466.54","1,479.08","1,480.29","1,458.88",878.19K,-0.85%
3/14/22,"1,446.25","1,466.54","1,466.54","1,439.19",858.57K,-1.38%
3/15/22,"1,452.74","1,446.25","1,453.07","1,437.27",675.63K,0.45%
3/16/22,"1,459.33","1,452.74","1,462.98","1,452.74",624.22K,0.45%
3/17/22,"1,461.34","1,459.33","1,467.74","1,459.14",717.44K,0.14%
3/18/22,"1,469.10","1,461.34","1,474.86","1,461.34",795.73K,0.53%
3/21/22,"1,494.95","1,474.78","1,494.95","1,474.38",792.16K,1.76%
3/22/22,"1,503.78","1,494.95","1,507.71","1,494.95",947.70K,0.59%
3/23/22,"1,502.34","1,503.78","1,513.90","1,501.67",861.13K,-0.10%
3/24/22,"1,498.26","1,502.34","1,505.39","1,495.18",784.91K,-0.27%
3/25/22,"1,498.50","1,500.17","1,503.29","1,494.55",768.94K,0.02%
3/28/22,"1,483.18","1,498.50","1,498.50","1,473.80",1.07M,-1.02%
3/29/22,"1,497.76","1,483.18","1,498.45","1,483.18",737.94K,0.98%
3/30/22,"1,490.51","1,497.76","1,503.89","1,483.90",901.49K,-0.48%
3/31/22,"1,492.15","1,490.51","1,498.41","1,488.27",684.54K,0.11%
4/1/22,"1,516.44","1,492.15","1,516.87","1,484.13",967.67K,1.63%
4/4/22,"1,524.70","1,516.44","1,530.95","1,516.44",779.58K,0.54%
4/5/22,"1,520.03","1,524.70","1,527.57","1,519.28",703.53K,-0.31%
4/6/22,"1,522.90","1,520.03","1,523.75","1,507.62",944.04K,0.19%
4/7/22,"1,502.35","1,522.90","1,524.92","1,502.35",795.13K,-1.35%
4/8/22,"1,482.00","1,502.35","1,507.73","1,482.00",763.56K,-1.35%
4/12/22,"1,455.25","1,482.00","1,490.58","1,455.25",680.06K,-1.80%
4/13/22,"1,477.20","1,455.25","1,477.20","1,448.52",674.79K,1.51%
4/14/22,"1,472.12","1,477.20","1,484.34","1,471.75",523.37K,-0.34%
4/15/22,"1,458.56","1,472.12","1,478.95","1,456.39",659.47K,-0.92%
4/18/22,"1,432.60","1,458.56","1,458.56","1,425.07",827.69K,-1.78%
4/19/22,"1,406.45","1,432.60","1,442.04","1,406.45",702.35K,-1.83%
4/20/22,"1,384.72","1,401.63","1,410.64","1,384.72",688.33K,-1.55%
4/21/22,"1,370.21","1,384.72","1,392.33","1,356.58",810.67K,-1.05%
4/22/22,"1,379.23","1,370.21","1,392.89","1,352.43",834.41K,0.66%
4/25/22,"1,310.92","1,379.23","1,382.13","1,298.38",762.88K,-4.95%
4/26/22,"1,341.34","1,310.92","1,341.34","1,261.40",727.65K,2.32%
4/27/22,"1,353.77","1,341.34","1,355.92","1,314.81",519.56K,0.93%
4/28/22,"1,350.99","1,353.77","1,358.07","1,344.10",485.12K,-0.21%
4/29/22,"1,366.80","1,350.99","1,369.31","1,343.24",598.40K,1.17%
5/4/22,"1,348.68","1,366.11","1,366.39","1,348.68",528.29K,-1.33%
5/5/22,"1,360.68","1,348.68","1,362.18","1,331.41",531.08K,0.89%
5/6/22,"1,329.26","1,360.68","1,360.68","1,328.13",564.07K,-2.31%
5/9/22,"1,269.62","1,329.26","1,329.26","1,265.54",673.76K,-4.49%
5/10/22,"1,293.56","1,269.62","1,293.56","1,232.57",665.48K,1.89%
5/11/22,"1,301.53","1,293.56","1,305.17","1,277.91",418.23K,0.62%
5/12/22,"1,238.84","1,301.53","1,301.53","1,238.05",557.89K,-4.82%
5/13/22,"1,182.77","1,238.84","1,238.84","1,180.60",816.99K,-4.53%
5/16/22,"1,171.95","1,182.77","1,215.96","1,170.59",584.39K,-0.91%
5/17/22,"1,228.37","1,171.95","1,228.37","1,156.54",583.96K,4.81%
5/18/22,"1,240.76","1,228.37","1,249.84","1,222.92",566.36K,1.01%
5/19/22,"1,241.64","1,240.76","1,246.66","1,210.43",496.73K,0.07%
5/20/22,"1,240.71","1,241.64","1,252.96","1,232.33",504.69K,-0.07%
5/23/22,"1,218.81","1,240.71","1,246.58","1,207.99",557.43K,-1.77%
5/24/22,"1,233.38","1,218.81","1,233.38","1,203.28",528.48K,1.20%
5/25/22,"1,268.43","1,233.38","1,268.43","1,233.38",655.24K,2.84%
5/26/22,"1,268.57","1,268.43","1,278.11","1,261.55",541.91K,0.01%
5/27/22,"1,285.45","1,268.57","1,286.99","1,268.57",607.22K,1.33%
5/30/22,"1,293.92","1,285.45","1,296.22","1,281.27",587.23K,0.66%
5/31/22,"1,292.68","1,293.92","1,297.64","1,280.44",591.09K,-0.10%
6/1/22,"1,299.52","1,292.68","1,302.25","1,286.01",573.63K,0.53%
6/2/22,"1,288.62","1,299.52","1,302.66","1,283.32",572.55K,-0.84%
6/3/22,"1,287.98","1,288.62","1,292.78","1,276.37",473.81K,-0.05%
6/6/22,"1,290.01","1,287.98","1,302.14","1,281.95",589.89K,0.16%
6/7/22,"1,291.35","1,290.01","1,291.35","1,260.92",670.87K,0.10%
6/8/22,"1,307.91","1,291.35","1,316.78","1,291.35",584.57K,1.28%
6/9/22,"1,307.80","1,307.91","1,312.44","1,300.85",465.66K,-0.01%
6/10/22,"1,284.08","1,307.80","1,309.59","1,284.08",603.29K,-1.81%
6/13/22,"1,227.04","1,284.08","1,284.08","1,226.01",733.45K,-4.44%
6/14/22,"1,230.31","1,227.04","1,239.36","1,211.13",560.89K,0.27%
6/15/22,"1,213.93","1,230.31","1,235.56","1,195.19",688.12K,-1.33%
6/16/22,"1,236.63","1,213.93","1,246.32","1,213.93",561.69K,1.87%
6/17/22,"1,217.30","1,236.63","1,236.63","1,191.92",738.58K,-1.56%
6/20/22,"1,180.40","1,218.37","1,221.60","1,180.40",669.55K,-3.03%
6/21/22,"1,172.47","1,180.40","1,189.97","1,162.94",694.93K,-0.67%
6/22/22,"1,169.27","1,172.47","1,185.86","1,162.98",592.48K,-0.27%
6/23/22,"1,188.88","1,169.27","1,188.88","1,162.06",440.78K,1.68%
6/24/22,"1,185.48","1,188.88","1,196.85","1,185.48",478.69K,-0.29%
6/27/22,"1,202.82","1,185.48","1,203.51","1,185.48",526.96K,1.46%
6/28/22,"1,218.10","1,202.82","1,221.74","1,198.99",588.39K,1.27%
6/29/22,"1,218.09","1,218.10","1,219.58","1,207.38",560.59K,0.00%
6/30/22,"1,197.60","1,218.09","1,220.51","1,197.60",510.22K,-1.68%
7/1/22,"1,198.90","1,197.60","1,202.41","1,170.95",534.07K,0.11%
7/4/22,"1,195.53","1,206.47","1,208.96","1,192.63",442.82K,-0.28%
7/5/22,"1,181.29","1,195.53","1,200.99","1,181.29",612.00K,-1.19%
7/6/22,"1,149.61","1,181.29","1,181.29","1,147.63",556.46K,-2.68%
7/7/22,"1,166.48","1,149.61","1,166.48","1,142.80",411.79K,1.47%
7/8/22,"1,171.31","1,166.48","1,177.18","1,164.23",476.37K,0.41%
7/11/22,"1,155.29","1,171.31","1,171.31","1,144.55",538.71K,-1.37%
7/12/22,"1,174.82","1,155.29","1,174.82","1,153.55",525.11K,1.69%
7/13/22,"1,173.92","1,173.46","1,182.21","1,170.92",564.00K,-0.08%
7/14/22,"1,182.17","1,173.92","1,182.17","1,170.04",534.74K,0.70%
7/15/22,"1,179.25","1,182.17","1,189.66","1,178.12",604.01K,-0.25%
7/18/22,"1,176.49","1,179.25","1,184.93","1,174.70",523.73K,-0.23%
7/19/22,"1,178.33","1,176.49","1,180.46","1,168.99",532.69K,0.16%
7/20/22,"1,194.14","1,178.33","1,198.63","1,178.33",648.00K,1.34%
7/21/22,"1,198.47","1,194.14","1,201.91","1,194.14",530.31K,0.36%
7/22/22,"1,194.76","1,198.47","1,202.69","1,194.76",477.95K,-0.31%
7/25/22,"1,188.50","1,191.43","1,198.16","1,184.32",437.85K,-0.52%
7/26/22,"1,185.07","1,188.50","1,194.15","1,184.44",434.80K,-0.29%
7/27/22,"1,191.04","1,185.07","1,191.04","1,178.58",445.14K,0.50%
7/28/22,"1,208.12","1,191.04","1,214.03","1,191.04",668.86K,1.43%
7/29/22,"1,206.33","1,208.12","1,217.84","1,206.33",590.32K,-0.15%
8/1/22,"1,231.35","1,206.33","1,231.35","1,206.33",708.71K,2.07%
8/2/22,"1,241.62","1,231.35","1,241.91","1,224.11",817.69K,0.83%
8/3/22,"1,249.76","1,241.62","1,250.20","1,232.41",789.52K,0.66%
8/4/22,"1,254.15","1,249.76","1,257.38","1,247.38",724.75K,0.35%
8/5/22,"1,252.74","1,250.25","1,253.75","1,245.05",698.64K,-0.11%
8/8/22,"1,256.75","1,252.36","1,258.84","1,252.04",699.34K,0.32%
8/9/22,"1,258.85","1,256.75","1,263.14","1,252.84",721.64K,0.17%
8/10/22,"1,256.50","1,258.85","1,260.36","1,253.89",651.76K,-0.19%
8/11/22,"1,252.07","1,256.50","1,268.03","1,245.85",810.55K,-0.35%
8/12/22,"1,262.33","1,252.07","1,262.33","1,248.65",542.04K,0.82%
8/15/22,"1,274.20","1,262.33","1,274.24","1,262.33",634.20K,0.94%
8/16/22,"1,274.69","1,274.20","1,275.93","1,271.11",617.72K,0.04%
8/17/22,"1,275.28","1,274.69","1,280.61","1,271.97",712.25K,0.05%
8/18/22,"1,273.66","1,275.28","1,283.15","1,268.64",599.08K,-0.13%
8/19/22,"1,269.18","1,273.66","1,280.00","1,263.45",607.62K,-0.35%
8/22/22,"1,260.43","1,269.18","1,270.57","1,255.83",619.45K,-0.69%
8/23/22,"1,270.81","1,260.43","1,270.81","1,253.45",564.72K,0.82%
8/24/22,"1,277.16","1,270.81","1,280.36","1,270.81",601.89K,0.50%
8/25/22,"1,288.88","1,277.16","1,289.18","1,277.16",623.97K,0.92%
8/26/22,"1,282.57","1,291.29","1,295.12","1,280.05",668.96K,-0.49%
8/29/22,"1,270.80","1,282.57","1,282.57","1,249.17",845.90K,-0.92%
8/30/22,"1,279.39","1,270.80","1,287.65","1,270.80",526.10K,0.68%
8/31/22,"1,280.51","1,279.39","1,285.29","1,274.99",499.31K,0.09%
9/5/22,"1,277.35","1,280.51","1,285.70","1,275.35",524.68K,-0.25%
9/6/22,"1,277.40","1,279.58","1,286.92","1,277.40",581.46K,0.00%
9/7/22,"1,243.17","1,277.40","1,277.40","1,243.17",852.27K,-2.68%
9/8/22,"1,234.60","1,243.17","1,251.36","1,234.60",599.61K,-0.69%
9/9/22,"1,248.78","1,234.60","1,248.78","1,228.54",586.03K,1.15%
9/12/22,"1,249.62","1,248.78","1,257.80","1,248.78",410.19K,0.07%
9/13/22,"1,248.40","1,249.62","1,252.35","1,243.87",473.97K,-0.10%
9/14/22,"1,240.77","1,248.40","1,248.40","1,228.51",607.86K,-0.61%
9/15/22,"1,245.66","1,240.77","1,250.93","1,240.77",429.84K,0.39%
9/16/22,"1,234.03","1,245.66","1,246.17","1,230.37",632.37K,-0.93%
9/19/22,"1,205.43","1,234.03","1,234.03","1,202.07",701.96K,-2.32%
9/20/22,"1,218.93","1,212.08","1,218.93","1,199.71",473.89K,1.12%
9/21/22,"1,210.55","1,218.93","1,218.93","1,204.68",391.71K,-0.69%
9/22/22,"1,214.70","1,210.55","1,214.70","1,196.64",473.56K,0.34%
9/23/22,"1,203.28","1,214.70","1,216.59","1,201.45",485.38K,-0.94%
9/26/22,"1,174.35","1,203.28","1,203.28","1,159.12",757.09K,-2.40%
9/27/22,"1,166.54","1,174.35","1,180.75","1,166.44",466.62K,-0.67%
9/28/22,"1,143.62","1,166.54","1,166.54","1,142.79",527.70K,-1.96%
9/29/22,"1,126.07","1,143.62","1,159.49","1,126.07",491.47K,-1.53%
9/30/22,"1,132.11","1,126.07","1,135.47","1,099.44",729.67K,0.54%
10/3/22,"1,086.44","1,132.11","1,132.11","1,079.86",554.15K,-4.03%
10/4/22,"1,078.14","1,086.44","1,100.42","1,069.74",582.82K,-0.76%
10/5/22,"1,104.26","1,078.14","1,110.21","1,078.14",451.94K,2.42%
10/6/22,"1,074.52","1,104.26","1,106.97","1,072.57",545.82K,-2.69%
10/7/22,"1,035.91","1,074.52","1,074.52","1,022.38",877.31K,-3.59%
10/10/22,"1,042.48","1,035.91","1,051.02","1,012.94",692.98K,0.63%
10/11/22,"1,006.20","1,042.48","1,042.48",998.64,672.10K,-3.48%
10/12/22,"1,034.81","1,006.20","1,039.44","1,002.89",616.14K,2.84%
10/13/22,"1,050.99","1,034.81","1,050.99","1,025.04",477.33K,1.56%
10/14/22,"1,061.85","1,050.99","1,068.12","1,050.99",641.48K,1.03%
10/17/22,"1,051.58","1,061.85","1,061.85","1,033.59",497.42K,-0.97%
10/18/22,"1,063.66","1,051.58","1,071.74","1,051.58",514.84K,1.15%
10/19/22,"1,060.07","1,063.66","1,065.99","1,052.29",400.66K,-0.34%
10/20/22,"1,058.45","1,056.14","1,065.28","1,048.21",398.33K,-0.15%
10/21/22,"1,019.82","1,058.45","1,059.09","1,013.69",742.10K,-3.65%
10/24/22,986.15,"1,019.82","1,023.51",977.41,654.95K,-3.30%
10/25/22,997.7,986.15,"1,011.39",962.45,751.18K,1.17%
10/26/22,993.36,997.7,"1,004.55",984.71,448.28K,-0.44%
10/27/22,"1,028.01",993.36,"1,028.01",990.48,647.72K,3.49%
10/28/22,"1,027.36","1,028.01","1,044.57","1,026.53",654.70K,-0.06%
10/31/22,"1,027.94","1,028.24","1,030.32","1,005.00",662.04K,0.06%
11/1/22,"1,033.75","1,027.94","1,043.53","1,027.39",613.98K,0.57%
11/2/22,"1,023.19","1,033.75","1,034.73","1,018.64",578.23K,-1.02%
11/3/22,"1,019.81","1,023.19","1,023.95","1,010.65",442.89K,-0.33%
11/4/22,997.15,"1,008.23","1,009.96",974.61,753.11K,-2.22%
11/7/22,975.19,997.15,997.15,969.61,646.85K,-2.20%
11/8/22,981.65,975.19,981.86,956.97,660.72K,0.66%
11/9/22,985.59,981.65,994.79,977.93,583.06K,0.40%
11/10/22,947.24,975.97,976.31,935.78,698.76K,-3.89%
11/11/22,954.53,947.24,966.7,947.24,736.49K,0.77%
11/14/22,941.04,954.53,954.53,923.53,666.06K,-1.41%
11/15/22,911.9,941.04,941.04,900.17,692.34K,-3.10%
11/16/22,942.9,911.9,945.42,873.78,1.05M,3.40%
11/17/22,969.26,942.9,972.88,942.9,724.46K,2.80%
11/18/22,969.33,969.26,971.77,939.73,960.58K,0.01%
11/21/22,960.65,969.33,973.19,956.77,597.72K,-0.90%
11/22/22,952.12,960.65,985.28,948.52,1.05M,-0.89%
11/23/22,946,952.12,958.61,942.02,542.12K,-0.64%
11/24/22,947.71,946,950.03,934.31,543.14K,0.18%
11/25/22,971.46,947.71,971.46,947.71,622.50K,2.51%
11/28/22,"1,005.69",971.46,"1,006.22",971.46,973.79K,3.52%
11/29/22,"1,032.16","1,005.69","1,032.16",998.56,1.18M,2.63%
11/30/22,"1,048.42","1,032.16","1,048.42","1,021.54",1.14M,1.58%
12/1/22,"1,036.28","1,048.42","1,066.28","1,035.62",1.34M,-1.16%
12/2/22,"1,080.01","1,036.28","1,080.01","1,030.81",1.09M,4.22%
12/5/22,"1,093.67","1,080.01","1,099.45","1,080.01",1.26M,1.26%
12/6/22,"1,048.69","1,093.67","1,093.67","1,048.69",1.48M,-4.11%
12/7/22,"1,041.02","1,048.69","1,059.79","1,034.92",920.94K,-0.73%
12/8/22,"1,050.53","1,041.02","1,078.09","1,041.02",916.99K,0.91%
12/9/22,"1,051.81","1,050.53","1,061.21","1,041.39",788.20K,0.12%
12/12/22,"1,032.07","1,051.81","1,065.16","1,032.07",909.57K,-1.88%
12/13/22,"1,047.45","1,032.07","1,047.45","1,026.30",798.74K,1.49%
12/14/22,"1,050.43","1,047.45","1,062.18","1,046.43",792.04K,0.28%
12/15/22,"1,055.32","1,049.16","1,062.61","1,049.06",731.12K,0.47%
12/16/22,"1,052.48","1,055.32","1,064.79","1,047.16",881.53K,-0.27%
12/19/22,"1,038.40","1,052.48","1,065.59","1,038.40",988.84K,-1.34%
12/20/22,"1,023.13","1,038.40","1,038.74","1,010.08",1.08M,-1.47%
12/21/22,"1,018.88","1,033.34","1,033.84","1,005.43",857.33K,-0.42%
12/22/22,"1,022.61","1,018.88","1,033.18","1,016.54",714.22K,0.37%
12/23/22,"1,020.34","1,022.61","1,027.34","1,013.20",544.11K,-0.22%
12/26/22,985.21,"1,020.34","1,021.89",985.21,623.49K,-3.44%
12/27/22,"1,004.57",985.21,"1,007.88",983.67,593.36K,1.97%
12/28/22,"1,015.66","1,004.57","1,020.52",998.97,590.45K,1.10%
12/29/22,"1,009.29","1,015.66","1,021.96","1,009.29",462.66K,-0.63%
12/30/22,"1,007.09","1,009.29","1,017.99","1,007.09",407.14K,-0.22%
1/3/23,"1,043.90","1,007.09","1,043.90","1,007.09",551.33K,3.66%
1/4/23,"1,046.35","1,043.90","1,052.60","1,041.56",647.73K,0.23%
1/5/23,"1,055.82","1,048.17","1,058.14","1,046.64",535.05K,0.91%
1/6/23,"1,051.44","1,055.82","1,065.58","1,047.26",698.50K,-0.41%
1/9/23,"1,054.21","1,058.28","1,062.12","1,050.95",475.20K,0.26%
1/10/23,"1,053.35","1,054.21","1,057.44","1,045.75",546.26K,-0.08%
1/11/23,"1,055.76","1,053.35","1,065.69","1,053.35",545.18K,0.23%
1/12/23,"1,056.39","1,055.76","1,060.97","1,050.27",506.47K,0.06%
1/13/23,"1,060.17","1,056.39","1,066.39","1,055.23",670.23K,0.36%
1/16/23,"1,066.68","1,060.17","1,067.74","1,057.87",520.79K,0.61%
1/17/23,"1,088.29","1,066.68","1,088.29","1,066.68",673.93K,2.03%
1/18/23,"1,098.28","1,088.29","1,100.39","1,088.29",604.20K,0.92%
1/19/23,"1,108.08","1,098.28","1,111.72","1,094.46",617.71K,0.89%
1/27/23,"1,117.10","1,108.08","1,124.30","1,108.08",604.93K,0.81%
1/30/23,"1,102.57","1,117.10","1,118.46","1,102.57",798.68K,-1.30%
1/31/23,"1,111.18","1,102.57","1,111.18","1,088.25",748.42K,0.78%
2/1/23,"1,075.97","1,111.18","1,116.96","1,075.97",1.03M,-3.17%
2/2/23,"1,077.59","1,075.97","1,083.36","1,070.81",634.74K,0.15%
2/3/23,"1,077.15","1,077.59","1,081.89","1,070.46",563.83K,-0.04%
2/6/23,"1,089.29","1,077.15","1,089.29","1,067.24",527.01K,1.13%
2/7/23,"1,065.84","1,089.29","1,092.12","1,065.18",673.21K,-2.15%
2/8/23,"1,072.22","1,065.84","1,079.51","1,063.50",569.32K,0.60%
2/9/23,"1,064.03","1,072.22","1,075.20","1,064.03",473.85K,-0.76%
2/10/23,"1,055.30","1,064.03","1,066.28","1,054.08",463.94K,-0.82%
2/13/23,"1,043.70","1,055.30","1,055.30","1,031.70",681.32K,-1.10%
2/14/23,"1,038.64","1,043.70","1,046.64","1,032.76",395.73K,-0.48%
2/15/23,"1,048.20","1,038.64","1,051.89","1,034.39",585.76K,0.92%
2/16/23,"1,058.29","1,048.20","1,058.29","1,047.45",475.80K,0.96%
2/17/23,"1,059.31","1,058.29","1,062.25","1,053.26",465.08K,0.10%
2/20/23,"1,086.69","1,059.74","1,088.01","1,059.56",682.29K,2.58%
2/21/23,"1,082.23","1,086.69","1,095.10","1,081.80",720.35K,-0.41%
2/22/23,"1,054.28","1,082.23","1,082.23","1,054.28",814.01K,-2.58%
2/23/23,"1,053.66","1,054.28","1,054.48","1,030.58",720.75K,-0.06%
2/24/23,"1,039.56","1,053.66","1,053.66","1,034.66",430.41K,-1.34%
2/27/23,"1,021.25","1,039.56","1,039.56","1,017.55",588.61K,-1.76%
2/28/23,"1,024.68","1,021.25","1,034.36","1,018.72",432.96K,0.34%
3/1/23,"1,040.55","1,024.68","1,040.55","1,013.37",523.62K,1.55%
3/2/23,"1,037.61","1,039.00","1,043.80","1,033.07",373.16K,-0.28%
3/3/23,"1,024.77","1,038.10","1,041.82","1,022.78",447.72K,-1.24%
3/6/23,"1,027.18","1,024.77","1,042.43","1,024.77",421.90K,0.24%
3/7/23,"1,037.84","1,027.18","1,043.92","1,027.18",473.17K,1.04%
3/8/23,"1,049.18","1,037.84","1,049.18","1,027.80",510.28K,1.09%
3/9/23,"1,055.95","1,049.18","1,060.56","1,049.18",609.04K,0.65%
3/10/23,"1,053.00","1,055.95","1,055.95","1,046.31",508.59K,-0.28%
3/13/23,"1,052.80","1,053.00","1,055.58","1,045.46",625.07K,-0.02%
3/14/23,"1,040.13","1,052.80","1,052.80","1,034.72",621.19K,-1.20%
3/15/23,"1,062.19","1,040.13","1,062.55","1,040.13",622.86K,2.12%
3/16/23,"1,047.40","1,062.19","1,062.19","1,043.65",532.93K,-1.39%
3/17/23,"1,045.14","1,047.40","1,055.42","1,043.54",564.93K,-0.22%
3/20/23,"1,023.10","1,045.14","1,045.14","1,022.71",567.36K,-2.11%
3/21/23,"1,032.43","1,023.10","1,036.15","1,017.05",474.89K,0.91%
3/22/23,"1,040.54","1,032.43","1,042.84","1,032.43",458.78K,0.79%
3/23/23,"1,045.10","1,040.54","1,045.10","1,030.93",431.45K,0.44%
3/24/23,"1,046.79","1,045.10","1,052.29","1,044.02",579.74K,0.16%
3/27/23,"1,052.25","1,047.78","1,053.78","1,041.99",556.95K,0.52%
3/28/23,"1,054.29","1,052.25","1,059.83","1,051.75",648.10K,0.19%
3/29/23,"1,056.33","1,054.29","1,056.33","1,048.26",460.96K,0.19%
3/30/23,"1,059.44","1,056.33","1,066.23","1,056.33",633.98K,0.29%
3/31/23,"1,064.64","1,059.44","1,067.55","1,059.44",639.93K,0.49%
4/3/23,"1,079.28","1,064.64","1,079.28","1,064.64",821.31K,1.38%
4/4/23,"1,078.45","1,079.28","1,082.21","1,075.10",803.89K,-0.08%
4/5/23,"1,080.86","1,078.45","1,080.86","1,074.10",793.75K,0.22%
4/6/23,"1,070.91","1,080.86","1,084.52","1,070.91",998.76K,-0.92%
4/7/23,"1,069.71","1,070.91","1,072.94","1,063.70",646.00K,-0.11%
4/10/23,"1,065.35","1,073.86","1,075.54","1,063.45",857.46K,-0.41%
4/11/23,"1,069.46","1,065.35","1,070.56","1,056.90",697.78K,0.39%
4/12/23,"1,069.45","1,071.61","1,072.70","1,066.43",726.16K,0.00%
4/13/23,"1,064.30","1,069.45","1,070.96","1,062.26",673.04K,-0.48%
4/14/23,"1,052.89","1,064.30","1,068.79","1,052.89",786.53K,-1.07%
4/17/23,"1,053.81","1,052.89","1,054.72","1,049.11",453.79K,0.09%
4/18/23,"1,055.02","1,053.81","1,057.15","1,050.89",539.76K,0.11%
4/19/23,"1,048.98","1,055.02","1,058.14","1,047.47",569.68K,-0.57%
4/20/23,"1,049.25","1,048.98","1,051.86","1,045.85",373.75K,0.03%
4/21/23,"1,042.91","1,049.25","1,050.40","1,041.26",553.03K,-0.60%
4/24/23,"1,041.36","1,042.91","1,047.18","1,038.36",556.99K,-0.15%
4/25/23,"1,034.85","1,045.87","1,045.87","1,032.49",539.59K,-0.63%
4/26/23,"1,040.80","1,034.85","1,040.80","1,029.19",576.78K,0.57%
4/27/23,"1,039.63","1,040.80","1,044.25","1,037.62",511.73K,-0.11%
4/28/23,"1,049.12","1,043.17","1,049.12","1,042.04",613.14K,0.91%
5/4/23,"1,040.61","1,049.12","1,049.12","1,038.18",625.81K,-0.81%
5/5/23,"1,040.31","1,040.61","1,043.22","1,036.69",547.78K,-0.03%
5/8/23,"1,053.44","1,040.31","1,053.44","1,040.31",655.53K,1.26%
5/9/23,"1,053.77","1,055.42","1,058.71","1,052.68",564.40K,0.03%
5/10/23,"1,058.26","1,055.62","1,058.67","1,053.34",717.42K,0.43%
5/11/23,"1,057.12","1,058.26","1,063.69","1,056.72",708.31K,-0.11%
5/12/23,"1,066.90","1,057.12","1,066.90","1,053.97",725.83K,0.93%
5/15/23,"1,065.71","1,066.90","1,076.32","1,065.71",834.50K,-0.11%
5/16/23,"1,065.91","1,065.71","1,069.27","1,063.65",681.38K,0.02%
5/17/23,"1,060.44","1,065.91","1,069.95","1,060.44",836.83K,-0.51%
5/18/23,"1,068.31","1,060.44","1,073.41","1,060.44",649.54K,0.74%
5/19/23,"1,067.07","1,068.31","1,070.15","1,058.56",755.49K,-0.12%
5/22/23,"1,070.64","1,067.07","1,070.64","1,065.88",711.11K,0.33%
5/23/23,"1,065.85","1,073.12","1,073.96","1,062.15",721.99K,-0.45%
5/24/23,"1,061.79","1,065.85","1,069.61","1,060.60",794.10K,-0.38%
5/25/23,"1,064.63","1,061.79","1,065.50","1,057.91",669.53K,0.27%
5/26/23,"1,063.76","1,064.63","1,067.28","1,063.76",640.72K,-0.08%
5/29/23,"1,074.98","1,063.76","1,077.18","1,063.76",844.88K,1.05%
5/30/23,"1,078.05","1,074.98","1,079.31","1,071.01",922.94K,0.29%
5/31/23,"1,075.17","1,078.05","1,079.11","1,071.38",924.36K,-0.27%
6/1/23,"1,078.39","1,075.17","1,078.39","1,071.61",856.81K,0.30%
6/2/23,"1,090.84","1,084.19","1,092.24","1,083.36",1.04M,1.15%
6/5/23,"1,097.82","1,090.84","1,103.81","1,090.84",948.36K,0.64%
6/6/23,"1,108.31","1,097.82","1,108.31","1,097.82",842.76K,0.96%
6/7/23,"1,109.54","1,108.31","1,112.28","1,104.26",1.00M,0.11%
6/8/23,"1,101.32","1,109.54","1,115.14","1,101.32",1.32M,-0.74%
6/9/23,"1,107.53","1,101.32","1,107.53","1,097.23",902.21K,0.56%
6/12/23,"1,116.02","1,110.26","1,116.02","1,100.08",797.98K,0.77%
6/13/23,"1,122.46","1,116.02","1,122.46","1,116.02",943.54K,0.58%
6/14/23,"1,117.42","1,122.46","1,129.49","1,117.42",928.60K,-0.45%
6/15/23,"1,116.97","1,117.42","1,120.13","1,112.11",716.88K,-0.04%
6/16/23,"1,115.22","1,116.97","1,128.92","1,112.51",1.17M,-0.16%
6/19/23,"1,105.40","1,115.22","1,117.23","1,104.73",811.31K,-0.88%
6/20/23,"1,111.72","1,105.40","1,111.72","1,102.58",695.59K,0.57%
6/21/23,"1,118.46","1,112.73","1,118.46","1,110.65",875.89K,0.61%
6/22/23,"1,125.30","1,118.46","1,127.54","1,118.46",919.32K,0.61%
6/23/23,"1,129.38","1,125.30","1,130.61","1,122.62",906.63K,0.36%
6/26/23,"1,132.03","1,129.38","1,134.00","1,119.95",1.04M,0.23%
6/27/23,"1,134.33","1,132.03","1,136.49","1,128.82",722.00K,0.20%
6/28/23,"1,138.35","1,134.33","1,140.56","1,131.86",892.14K,0.35%
6/29/23,"1,125.39","1,139.42","1,140.43","1,125.39",906.89K,-1.14%
6/30/23,"1,120.18","1,125.39","1,126.33","1,120.01",617.53K,-0.46%
7/3/23,"1,125.50","1,120.18","1,128.35","1,120.18",558.38K,0.47%
7/4/23,"1,132.00","1,125.50","1,132.12","1,123.49",701.31K,0.58%
7/5/23,"1,134.62","1,132.00","1,138.67","1,132.00",807.03K,0.23%
7/6/23,"1,126.22","1,134.62","1,135.81","1,122.35",921.11K,-0.74%
7/7/23,"1,138.07","1,126.22","1,138.07","1,122.94",798.40K,1.05%
7/10/23,"1,149.02","1,138.07","1,149.02","1,138.07",879.43K,0.96%
7/11/23,"1,151.77","1,149.02","1,157.01","1,149.02",936.91K,0.24%
7/12/23,"1,154.20","1,151.77","1,157.43","1,149.28",788.16K,0.21%
7/13/23,"1,165.42","1,154.20","1,165.42","1,154.20",806.74K,0.97%
7/14/23,"1,168.40","1,165.42","1,169.84","1,156.28",1.04M,0.26%
7/17/23,"1,173.13","1,171.75","1,174.89","1,168.77",914.62K,0.40%
7/18/23,"1,174.09","1,173.13","1,175.70","1,170.04",837.14K,0.08%
7/19/23,"1,172.98","1,174.09","1,178.55","1,172.98",896.65K,-0.09%
7/20/23,"1,172.81","1,172.98","1,174.39","1,166.62",796.61K,-0.01%
7/21/23,"1,185.90","1,172.81","1,185.90","1,172.07",988.09K,1.12%
7/24/23,"1,190.72","1,185.90","1,193.22","1,183.39",1.04M,0.41%
7/25/23,"1,195.90","1,190.72","1,199.27","1,190.72",1.00M,0.44%
7/26/23,"1,200.84","1,195.90","1,200.84","1,195.44",912.30K,0.41%
7/27/23,"1,197.33","1,200.84","1,203.69","1,191.08",1.16M,-0.29%
7/28/23,"1,207.67","1,197.33","1,207.67","1,195.86",1.11M,0.86%
7/31/23,"1,222.90","1,207.67","1,224.81","1,207.67",1.20M,1.26%
8/1/23,"1,217.56","1,222.90","1,234.50","1,217.56",1.28M,-0.44%
8/2/23,"1,220.43","1,217.56","1,223.04","1,213.18",940.81K,0.24%
8/3/23,"1,210.95","1,219.73","1,222.35","1,209.06",1.03M,-0.78%
8/4/23,"1,225.98","1,210.95","1,228.12","1,210.95",1.13M,1.24%
8/7/23,"1,241.42","1,233.10","1,241.42","1,230.38",1.30M,1.26%
8/8/23,"1,242.23","1,241.42","1,246.22","1,239.01",1.19M,0.07%
8/9/23,"1,233.99","1,242.23","1,242.23","1,231.28",1.09M,-0.66%
8/10/23,"1,220.61","1,233.99","1,238.19","1,220.61",1.01M,-1.08%
8/11/23,"1,232.21","1,220.61","1,232.21","1,213.37",1.01M,0.95%
8/14/23,"1,236.84","1,232.21","1,239.61","1,229.04",1.11M,0.38%
8/15/23,"1,234.05","1,236.84","1,239.42","1,230.58",912.03K,-0.23%
8/16/23,"1,243.26","1,234.05","1,243.48","1,234.05",930.67K,0.75%
8/17/23,"1,233.48","1,242.58","1,243.98","1,233.48",1.11M,-0.79%
8/18/23,"1,177.99","1,233.48","1,233.48","1,177.74",1.70M,-4.50%
8/21/23,"1,179.76","1,177.99","1,188.16","1,164.63",1.08M,0.15%
8/22/23,"1,180.49","1,179.76","1,184.43","1,149.13",1.06M,0.06%
8/23/23,"1,172.56","1,180.49","1,193.79","1,168.89",747.18K,-0.67%
8/24/23,"1,189.39","1,172.56","1,189.99","1,171.33",851.54K,1.44%
8/25/23,"1,183.37","1,189.39","1,192.59","1,181.60",893.34K,-0.51%
8/28/23,"1,201.72","1,183.37","1,202.02","1,183.37",882.85K,1.55%
8/29/23,"1,204.43","1,201.72","1,208.78","1,197.57",990.94K,0.23%
8/30/23,"1,213.16","1,206.10","1,213.52","1,203.51",911.99K,0.72%
8/31/23,"1,224.05","1,213.16","1,224.84","1,213.16",945.48K,0.90%
9/5/23,"1,234.98","1,224.05","1,236.21","1,224.05",1.09M,0.89%
9/6/23,"1,245.50","1,234.98","1,245.50","1,229.89",1.13M,0.85%
9/7/23,"1,243.14","1,245.50","1,255.11","1,240.82",1.13M,-0.19%
9/8/23,"1,241.48","1,243.14","1,248.10","1,240.15",1.10M,-0.13%
9/11/23,"1,223.63","1,241.48","1,251.37","1,223.33",1.39M,-1.44%
9/12/23,"1,245.44","1,223.63","1,245.44","1,220.85",967.87K,1.78%
9/13/23,"1,238.39","1,245.44","1,250.61","1,232.84",1.26M,-0.57%
9/14/23,"1,223.81","1,238.39","1,244.21","1,223.03",1.23M,-1.18%
9/15/23,"1,227.36","1,223.81","1,233.87","1,220.27",917.36K,0.29%
9/18/23,"1,211.81","1,227.36","1,227.36","1,203.88",845.00K,-1.27%
9/19/23,"1,211.50","1,211.81","1,219.57","1,199.85",1.00M,-0.03%
9/20/23,"1,226.11","1,211.50","1,226.11","1,209.46",878.03K,1.21%
9/21/23,"1,212.74","1,226.11","1,227.88","1,211.65",963.68K,-1.09%
9/22/23,"1,193.05","1,212.74","1,212.74","1,174.57",1.39M,-1.62%
9/25/23,"1,153.20","1,193.05","1,195.62","1,153.20",1.09M,-3.34%
9/26/23,"1,137.96","1,153.20","1,163.52","1,137.96",1.05M,-1.32%
9/27/23,"1,153.85","1,137.96","1,153.85","1,126.36",860.42K,1.40%
9/28/23,"1,152.43","1,153.85","1,155.39","1,136.99",691.11K,-0.12%
9/29/23,"1,154.15","1,152.43","1,163.88","1,152.43",574.81K,0.15%
10/2/23,"1,155.25","1,154.15","1,161.48","1,149.63",518.24K,0.10%
10/3/23,"1,118.10","1,155.25","1,155.25","1,117.28",991.88K,-3.22%
10/4/23,"1,128.67","1,118.10","1,133.79","1,106.40",682.49K,0.95%
10/5/23,"1,113.89","1,128.67","1,133.12","1,113.89",609.01K,-1.31%
10/6/23,"1,128.54","1,113.89","1,129.13","1,107.40",621.62K,1.32%
10/9/23,"1,137.36","1,128.54","1,137.36","1,127.03",602.62K,0.78%
10/10/23,"1,143.69","1,137.36","1,150.34","1,137.36",671.76K,0.56%
10/11/23,"1,150.81","1,143.69","1,150.81","1,138.22",543.05K,0.62%
10/12/23,"1,151.61","1,150.81","1,156.73","1,148.11",647.18K,0.07%
10/13/23,"1,154.73","1,151.61","1,155.10","1,138.99",621.42K,0.27%
10/16/23,"1,141.42","1,154.73","1,157.46","1,140.64",676.19K,-1.15%
10/17/23,"1,121.65","1,145.34","1,147.89","1,121.65",610.50K,-1.73%
10/18/23,"1,103.40","1,121.65","1,125.27","1,088.87",1.04M,-1.63%
10/19/23,"1,087.85","1,103.40","1,104.03","1,087.85",649.23K,-1.41%
10/20/23,"1,108.03","1,087.85","1,108.16","1,073.73",658.19K,1.86%
10/23/23,"1,093.53","1,108.03","1,108.03","1,086.54",563.10K,-1.31%
10/24/23,"1,105.90","1,093.53","1,107.30","1,088.17",509.04K,1.13%
10/25/23,"1,101.66","1,105.90","1,111.39","1,100.64",539.26K,-0.38%
10/26/23,"1,055.45","1,101.66","1,101.66","1,049.71",1.18M,-4.19%
10/27/23,"1,060.62","1,055.45","1,061.87","1,037.46",692.23K,0.49%
10/30/23,"1,042.40","1,054.03","1,060.39","1,042.40",533.36K,-1.72%
10/31/23,"1,028.19","1,042.40","1,046.17","1,025.03",755.54K,-1.36%
11/1/23,"1,039.66","1,028.19","1,039.66","1,020.01",679.89K,1.12%
11/2/23,"1,075.47","1,039.66","1,075.47","1,039.66",772.12K,3.44%
11/3/23,"1,076.78","1,075.47","1,082.23","1,071.11",756.48K,0.12%
11/6/23,"1,089.66","1,076.78","1,089.66","1,076.78",692.79K,1.20%
11/7/23,"1,080.29","1,089.66","1,089.89","1,079.42",634.51K,-0.86%
11/8/23,"1,113.43","1,080.29","1,113.43","1,075.80",952.58K,3.07%
11/9/23,"1,113.89","1,113.43","1,124.78","1,112.13",1.05M,0.04%
11/10/23,"1,101.68","1,113.89","1,116.02","1,101.23",1.03M,-1.10%
11/13/23,"1,100.07","1,103.66","1,107.91","1,093.19",789.44K,-0.15%
11/14/23,"1,109.73","1,100.07","1,115.60","1,100.07",822.20K,0.88%
11/15/23,"1,122.50","1,109.73","1,132.75","1,109.73",937.96K,1.15%
11/16/23,"1,125.53","1,122.50","1,125.53","1,114.97",687.40K,0.27%
11/17/23,"1,101.19","1,125.53","1,129.84","1,096.16",1.26M,-2.16%
11/20/23,"1,103.66","1,101.19","1,111.26","1,085.32",841.47K,0.22%
11/21/23,"1,110.46","1,103.66","1,112.77","1,103.66",712.61K,0.62%
11/22/23,"1,113.82","1,110.46","1,115.47","1,103.26",946.28K,0.30%
11/23/23,"1,088.49","1,113.82","1,118.54","1,088.49",1.03M,-2.27%
11/24/23,"1,095.61","1,088.49","1,095.61","1,073.31",958.34K,0.65%
11/27/23,"1,088.06","1,095.61","1,096.84","1,085.69",595.02K,-0.69%
11/28/23,"1,095.43","1,088.06","1,095.43","1,076.45",681.89K,0.68%
11/29/23,"1,102.80","1,095.43","1,105.28","1,095.43",614.96K,0.67%
11/30/23,"1,094.13","1,101.75","1,107.45","1,094.13",723.48K,-0.79%
12/1/23,"1,102.16","1,094.13","1,102.20","1,090.08",603.59K,0.73%